{
  "description": "Extracts a property of a message and provides it as reference.",
  "links": {
    "input": [
      {
        "name": "In",
        "type": "message",
        "mandatory": true
      }
    ],
    "output": [
      {
        "name": "Out",
        "type": "message"
      }
    ]
  },
  "refs": {
    "output": [
      {
        "name": "Property",
        "type": "property",
        "mandatory": false
      }
    ]
  },
  "properties": [
    {
      "name": "property",
      "label": "Property",
      "description": "Provide the name of the property.",
      "type": "identifier",
      "mandatory": true
    }
  ]
}