{
  "description": "Applies a message selector to the input",
  "links": {
    "input": [
      {
        "name": "In",
        "type": "message",
        "mandatory": true
      }
    ],
    "output": [
      {
        "name": "Match",
        "type": "message"
      },
      {
        "name": "No Match",
        "type": "message"
      }
    ]
  },
  "properties": [
    {
      "name": "selector",
      "label": "Selector",
      "description": "Provide a JMS message selector (SQL where condition, reference the properties in the message).",
      "type": "selector",
      "mandatory": true
    }
  ]
}