{
  "description": "Remoces all messages from the referenced memory that matches the selector and returns a result memory.",
  "links": {
    "input": [
      {
        "name": "In",
        "type": "message"
      }
    ],
    "output": [
      {
        "name": "Result",
        "type": "memory"
      }
    ]
  },
  "refs": {
    "input": [
      {
        "name": "Memory",
        "type": "memory",
        "mandatory": true
      }
    ]
  },
  "properties": [
    {
      "name": "selector",
      "label": "Selector",
      "description": "Provide a JMS message selector (SQL where condition, reference the properties in the message)",
      "type": "selector",
      "mandatory": true
    }
  ]
}