{
  "description": "Creates a copy of the incoming message and sets the properties either to a static value or a value from the referenced message.",
  "links": {
    "input": [
      {
        "name": "In",
        "type": "message",
        "mandatory": true
      }
    ],
    "output": [
      {
        "name": "Out",
        "type": "message"
      }
    ]
  },
  "refs": {
    "input": [
      {
        "name": "Message",
        "type": "message",
        "mandatory": false
      }
    ]
  },
  "properties": [
    {
      "name": "properties",
      "label": "Properties",
      "description": "Provide the names of the properties of the message that should be set to a value. Other existing properties will be left untouched.",
      "type": "array",
      "fieldtypes": [
        "identifier"
      ],
      "mandatory": true
    },
    {
      "name": "types",
      "label": "Types",
      "description": "Provide the corresponding types of the properties. Possible types are 'boolean', 'string', 'integer', 'long', 'double', 'float'",
      "type": "array",
      "fieldtypes": [
        "identifier"
      ],
      "mandatory": true
    },
    {
      "name": "values",
      "label": "Values",
      "description": "Provide the corresponding values to set. Either enter a static value or use {propertyname} to use a property value of the referenced message. To set the current time in milliseconds, use [time]. Specify [null] to delete the property.",
      "type": "array",
      "fieldtypes": [
        "string"
      ],
      "mandatory": true
    }
  ]
}