{
  "description": "Selects messages by a selector and returns a new memory with the result.",
  "links": {
    "input": [
      {
        "name": "In",
        "type": "memory",
        "mandatory": true
      }
    ],
    "output": [
      {
        "name": "Result",
        "type": "memory"
      }
    ]
  },
  "properties": [
    {
      "name": "selector",
      "label": "Selector",
      "description": "Provide a JMS message selector (SQL where condition, reference the properties in the message)",
      "type": "selector",
      "mandatory": true
    }
  ]
}