{
  "description": "Recurring Timer that executes in an interval that can be specified in days, hours, minutes, seconds and milliseconds. Each value will be added to the interval",
  "links": {
    "output": [
      {
        "name": "onTimer",
        "type": "timer"
      }
    ]
  },
  "properties": [
    {
      "name": "days",
      "label": "Days",
      "type": "integer",
      "min": 0,
      "default": 0
    },
    {
      "name": "hours",
      "label": "Hours",
      "type": "integer",
      "min": 0,
      "default": 0
    },
    {
      "name": "minutes",
      "label": "Minutes",
      "type": "integer",
      "min": 0,
      "default": 0
    },
    {
      "name": "seconds",
      "label": "Seconds",
      "type": "integer",
      "min": 0,
      "default": 0
    },
    {
      "name": "milliseconds",
      "label": "Milliseconds",
      "type": "integer",
      "min": 0,
      "default": 0
    }
  ]
}